year,Team_A,Team_B,poss_A,rtg_A,poss_B,rtg_B,winner,formatting_a,formatting_b,,
2011,Ohio State,UTSA,64.1,39.51,68.8,-7.06,1,1,1,,
2011,George Mason,Villanova,64.3,18.97,65.7,23.05,1,1,1,,
2011,West Virginia,Clemson,64,24.58,65.1,21.68,1,1,1,,"top teams are a, and team on left of bracket in championship game is a
bottom team is b, and team on right of bracket in championship game is b"
2011,Kentucky,Princeton,66.2,30.83,63.4,7.12,1,1,1,,
2011,Xavier,Marquette,65.3,18.65,68,22.37,0,1,1,,
2011,Syracuse,Indiana State,66,28.63,64.8,7.09,1,1,1,,
2011,Washington,Georgia,72,28.49,64.6,16.63,1,1,1,,
2011,North Carolina,Long Island University,72.6,27.1,75.4,3.19,1,1,1,,
2011,Duke,Hampton,70.2,35.51,67.3,-6.55,1,1,1,,
2011,Michigan,Tennessee,62.1,22.46,67.1,17.02,1,1,1,,
2011,Arizona,Memphis,66.9,25.29,69.1,10.99,1,1,1,,
2011,Texas,Oakland,67.8,30.86,72.4,12.59,1,1,1,,
2011,Cincinnati,Missouri,63.6,23.79,72.5,21.07,1,1,1,,
2011,Connecticut,Bucknell,65.1,27.45,66.1,4.7,1,1,1,,
2011,Temple,Penn State,65.5,19.67,59.8,19.4,1,1,1,,
2011,San Diego State,Northern Colorado,63.7,28.08,66.8,3.55,1,1,1,,
2011,Ohio State,George Mason,64.1,39.51,64.3,18.97,1,1,1,,
2011,West Virginia,Kentucky,64,24.58,66.2,30.83,0,1,1,,
2011,Marquette,Syracuse,68,22.37,66,28.63,1,1,1,,
2011,Washington,North Carolina,72,28.49,72.6,27.1,0,1,1,,
2011,Duke,Michigan,70.2,35.51,62.1,22.46,1,1,1,,
2011,Arizona,Texas,66.9,25.29,67.8,30.86,1,1,1,,
2011,Cincinnati,Connecticut,63.6,23.79,65.1,27.45,0,1,1,,
2011,Temple,San Diego State,65.5,19.67,63.7,28.08,0,1,1,,
2011,Ohio State,Kentucky,64.1,39.51,66.2,30.83,0,1,1,,
2011,Marquette,North Carolina,68,22.37,72.6,27.1,0,1,1,,
2011,Duke,Arizona,70.2,35.51,66.9,25.29,0,1,1,,
2011,Connecticut,San Diego State,65.1,27.45,63.7,28.08,1,1,1,,
2011,Kentucky,North Carolina,66.2,30.83,72.6,27.1,1,1,1,,
2011,Arizona,Connecticut,66.9,25.29,65.1,27.45,0,1,1,,
2011,Kentucky,Connecticut,66.2,30.83,65.1,27.45,0,1,1,,
2011,Connecticut,Butler,65.1,27.45,64.5,18.45,1,1,1,,
2011,Kansas,Boston University,69.7,35.33,62.7,-1.93,1,1,1,,
2011,Nevada-Las Vegas,Illinois,67.3,22.61,66.2,25.47,0,1,1,,
2011,Vanderbilt,Richmond,67.6,22.73,63.2,18.51,0,1,1,,
2011,Louisville,Morehead State,67.8,27.59,64.2,5.12,0,1,1,,
2011,Georgetown,Virginia Commonwealth,64.8,22.11,65.3,13.99,0,1,1,,
2011,Purdue,Saint Peter's,66,29.37,65.5,0.24,1,1,1,,
2011,Texas A&M,Florida State,63.1,19.03,69.3,19.77,0,1,1,,
2011,Notre Dame,Akron,64.3,27.79,67,4.35,1,1,1,,
2011,Pittsburgh,UNC Asheville,63.3,32.53,70.1,0.31,1,1,1,,
2011,Butler,Old Dominion,64.5,18.45,60.7,15.89,1,1,1,,
2011,Kansas State,Utah State,68.8,21.77,64.1,21.62,1,1,1,,
2011,Wisconsin,Belmont,57.3,30.97,69.2,19.74,1,1,1,,
2011,St. John's (NY),Gonzaga,66.5,20.6,68.4,20.99,0,1,1,,
2011,Brigham Young,Wofford,71.1,28.08,64.6,8.06,1,1,1,,
2011,UCLA,Michigan State,66.8,18.38,66,20.46,1,1,1,,
2011,Florida,UC Santa Barbara,63.9,25.06,65.2,2.93,1,1,1,,
2011,Kansas,Illinois,69.7,35.33,66.2,25.47,1,1,1,,
2011,Richmond,Morehead State,63.2,18.51,64.2,5.12,1,1,1,,
2011,Virginia Commonwealth,Purdue,65.3,13.99,66,29.37,1,1,1,,
2011,Florida State,Notre Dame,69.3,19.77,64.3,27.79,1,1,1,,
2011,Pittsburgh,Butler,63.3,32.53,64.5,18.45,0,1,1,,
2011,Kansas State,Wisconsin,68.8,21.77,57.3,30.97,0,1,1,,
2011,Gonzaga,Brigham Young,68.4,20.99,71.1,28.08,0,1,1,,
2011,UCLA,Florida,66.8,18.38,63.9,25.06,0,1,1,,
2011,Kansas,Richmond,69.7,35.33,63.2,18.51,1,1,1,,
2011,Virginia Commonwealth,Florida State,65.3,13.99,69.3,19.77,1,1,1,,
2011,Butler,Wisconsin,64.5,18.45,57.3,30.97,1,1,1,,
2011,Brigham Young,Florida,71.1,28.08,63.9,25.06,0,1,1,,
2011,Kansas,Virginia Commonwealth,69.7,35.33,65.3,13.99,0,1,1,,
2011,Butler,Florida,64.5,18.45,63.9,25.06,1,1,1,,
2011,Virginia Commonwealth,Butler,65.3,13.99,64.5,18.45,0,1,1,,
2012,Kentucky,Western Kentucky,66.4,36.55,68.4,-3.54,1,1,1,,
2012,Iowa State,Connecticut,67.5,19.63,64.1,18.22,1,1,1,,
2012,Wichita State,Virginia Commonwealth,67,25.58,65.2,13.46,0,1,1,,
2012,Indiana,New Mexico State,66.9,27.24,70.7,12.01,1,1,1,,
2012,Nevada-Las Vegas,Colorado,69.3,18.61,66,11.46,0,1,1,,
2012,Baylor,South Dakota State,67.1,24.19,66.1,11.2,1,1,1,,
2012,Notre Dame,Xavier,61.6,17.02,67.5,14.13,0,1,1,,
2012,Duke,Lehigh,68.3,24.54,68.1,6.29,0,1,1,,
2012,Michigan State,Long Island University,65.1,31.66,74.8,-2.29,1,1,1,,
2012,Memphis,Saint Louis,67.1,24.86,63.2,23.8,0,1,1,,
2012,New Mexico,Long Beach State,66.3,22.66,67.2,14.5,1,1,1,,
2012,Louisville,Davidson,67,23.77,68.8,10.65,1,1,1,,
2012,Murray State,Colorado State,66.1,13.45,64.5,9.53,1,1,1,,
2012,Marquette,Brigham Young,70.7,24.13,73,15.38,1,1,1,,
2012,Florida,Virginia,65.1,26.58,61.1,19.48,1,1,1,,
2012,Missouri,Norfolk State,66.4,29.42,68.4,-5.17,0,1,1,,
2012,Syracuse,UNC Asheville,65.2,30.93,70.5,4.48,1,1,1,,
2012,Kansas State,Southern Mississippi,67,21.02,64.5,11.92,1,1,1,,
2012,Vanderbilt,Harvard,65.5,23.45,60.9,13.15,1,1,1,,
2012,Wisconsin,Montana,58.7,30.42,66.1,6.55,1,1,1,,
2012,Cincinnati,Texas,64.1,18.98,66.7,20.4,1,1,1,,
2012,Florida State,St. Bonaventure,67.3,20.65,65,12.45,1,1,1,,
2012,Gonzaga,West Virginia,66.5,20.56,64.8,16.89,1,1,1,,
2012,Ohio State,Loyola (MD),66.9,35.13,65.3,1.33,1,1,1,,
2012,North Carolina,Vermont,72.8,29.1,63.2,2.09,1,1,1,,
2012,Creighton,Alabama,67.3,25.58,62.9,20.57,1,1,1,,
2012,Temple,South Florida,67.6,15.38,59.7,14.21,0,1,1,,
2012,Michigan,Ohio,61.2,20.26,66.8,10.4,0,1,1,,
2012,San Diego State,NC State,66.6,13.49,67.7,17.81,0,1,1,,
2012,Georgetown,Belmont,63.3,25.48,68.6,17.51,1,1,1,,
2012,Saint Mary's (CA),Purdue,64.8,16.78,64.6,20.79,0,1,1,,
2012,Kansas,Detroit Mercy,67.3,31.81,67.1,3.76,1,1,1,,
2012,Kentucky,Iowa State,66.4,36.55,67.5,19.63,1,1,1,,
2012,Virginia Commonwealth,Indiana,65.2,13.46,66.9,27.24,0,1,1,,
2012,Colorado,Baylor,66,11.46,67.1,24.19,0,1,1,,
2012,Xavier,Lehigh,67.5,14.13,68.1,6.29,1,1,1,,
2012,Michigan State,Saint Louis,65.1,31.66,63.2,23.8,1,1,1,,
2012,New Mexico,Louisville,66.3,22.66,67,23.77,0,1,1,,
2012,Murray State,Marquette,66.1,13.45,70.7,24.13,0,1,1,,
2012,Florida,Norfolk State,65.1,26.58,68.4,-5.17,1,1,1,,
2012,Syracuse,Kansas State,65.2,30.93,67,21.02,1,1,1,,
2012,Vanderbilt,Wisconsin,65.5,23.45,58.7,30.42,0,1,1,,
2012,Cincinnati,Florida State,64.1,18.98,67.3,20.65,1,1,1,,
2012,Gonzaga,Ohio State,66.5,20.56,66.9,35.13,0,1,1,,
2012,North Carolina,Creighton,72.8,29.1,67.3,25.58,1,1,1,,
2012,South Florida,Ohio,59.7,14.21,66.8,10.4,0,1,1,,
2012,NC State,Georgetown,67.7,17.81,63.3,25.48,1,1,1,,
2012,Purdue,Kansas,64.6,20.79,67.3,31.81,0,1,1,,
2012,Kentucky,Indiana,66.4,36.55,66.9,27.24,1,1,1,,
2012,Baylor,Xavier,67.1,24.19,67.5,14.13,1,1,1,,
2012,Michigan State,Louisville,65.1,31.66,67,23.77,0,1,1,,
2012,Marquette,Florida,70.7,24.13,65.1,26.58,0,1,1,,
2012,Syracuse,Wisconsin,65.2,30.93,58.7,30.42,1,1,1,,
2012,Cincinnati,Ohio State,64.1,18.98,66.9,35.13,0,1,1,,
2012,North Carolina,Ohio,72.8,29.1,66.8,10.4,1,1,1,,
2012,NC State,Kansas,67.7,17.81,67.3,31.81,0,1,1,,
2012,Kentucky,Baylor,66.4,36.55,67.1,24.19,1,1,1,,
2012,Louisville,Florida,67,23.77,65.1,26.58,1,1,1,,
2012,Syracuse,Ohio State,65.2,30.93,66.9,35.13,0,1,1,,
2012,North Carolina,Kansas,72.8,29.1,67.3,31.81,0,1,1,,
2012,Kentucky,Louisville,66.4,36.55,67,23.77,1,1,1,,
2012,Ohio State,Kansas,66.9,35.13,67.3,31.81,0,1,1,,
2012,Kentucky,Kansas,66.4,36.55,67.3,31.81,1,1,1,,
2013,Louisville,North Carolina A&T,66.4,37.52,67.1,-8.94,1,1,1,,
2013,Colorado State,Missouri,64.5,21.66,68.2,23.29,1,1,1,,
2013,Oklahoma State,Oregon,67.3,23.45,68.8,20.88,0,1,1,,
2013,Saint Louis,New Mexico State,64.5,22.86,65.2,8.72,1,1,1,,
2013,Memphis,Saint Mary's (CA),69.5,18.31,64.5,22.53,1,1,1,,
2013,Michigan State,Valparaiso,64.7,28.61,65.1,11.91,1,1,1,,
2013,Creighton,Cincinnati,65,25.46,64.9,20.55,1,1,1,,
2013,Duke,Albany (NY),68.2,32.5,62.8,-0.26,1,1,1,,
2013,Gonzaga,Southern,65.3,31.26,65.4,-2.41,1,1,1,,
2013,Pittsburgh,Wichita State,60.4,30.93,64.9,22.66,0,1,1,,
2013,Wisconsin,Mississippi,61.4,29.18,70.5,20.61,0,1,1,,
2013,Kansas State,La Salle,63.6,20.87,66.5,15.76,0,1,1,,
2013,Arizona,Belmont,66.8,26.17,68.1,16.06,1,1,1,,
2013,New Mexico,Harvard,64.7,20.85,63.9,6.89,0,1,1,,
2013,Notre Dame,Iowa State,62,21.53,70,21.64,0,1,1,,
2013,Ohio State,Iona,64.3,30.72,70.5,6.86,1,1,1,,
2013,Kansas,Western Kentucky,67.8,30.81,67,0.01,1,1,1,,
2013,North Carolina,Villanova,71.6,20.96,67.4,16.69,1,1,1,,
2013,Virginia Commonwealth,Akron,68.6,24.6,66.4,12.53,1,1,1,,
2013,Michigan,South Dakota State,64.1,33.11,64,5.42,1,1,1,,
2013,UCLA,Minnesota,69.6,19.1,63.5,25.56,0,1,1,,
2013,Florida,Northwestern State,62.9,37.67,74.4,1.05,1,1,1,,
2013,San Diego State,Oklahoma,66.6,20.17,66.8,17.01,1,1,1,,
2013,Georgetown,Florida Gulf Coast,62.4,24.86,69.5,5.13,0,1,1,,
2013,Indiana,James Madison,67.1,36.69,64.1,-1.3,1,1,1,,
2013,NC State,Temple,68.6,21.34,67.6,14.81,0,1,1,,
2013,Nevada-Las Vegas,California,68.9,19.11,66.5,16.56,0,1,1,,
2013,Syracuse,Montana,65.2,29.86,63.8,0.01,1,1,1,,
2013,Butler,Bucknell,64.9,17.52,62.6,11.87,1,1,1,,
2013,Marquette,Davidson,63.4,21.77,64.8,11.88,1,1,1,,
2013,Illinois,Colorado,65.5,20.19,65.7,19.97,1,1,1,,
2013,Miami (FL),Pacific,64,26.22,63.3,4.05,1,1,1,,
2013,Louisville,Colorado State,66.4,37.52,64.5,21.66,1,1,1,,
2013,Oregon,Saint Louis,68.8,20.88,64.5,22.86,1,1,1,,
2013,Memphis,Michigan State,69.5,18.31,64.7,28.61,0,1,1,,
2013,Creighton,Duke,65,25.46,68.2,32.5,0,1,1,,
2013,Gonzaga,Wichita State,65.3,31.26,64.9,22.66,0,1,1,,
2013,Mississippi,La Salle,70.5,20.61,66.5,15.76,0,1,1,,
2013,Arizona,Harvard,66.8,26.17,63.9,6.89,1,1,1,,
2013,Iowa State,Ohio State,70,21.64,64.3,30.72,0,1,1,,
2013,Kansas,North Carolina,67.8,30.81,71.6,20.96,1,1,1,,
2013,Virginia Commonwealth,Michigan,68.6,24.6,64.1,33.11,0,1,1,,
2013,Minnesota,Florida,63.5,25.56,62.9,37.67,0,1,1,,
2013,San Diego State,Florida Gulf Coast,66.6,20.17,69.5,5.13,0,1,1,,
2013,Indiana,Temple,67.1,36.69,67.6,14.81,1,1,1,,
2013,California,Syracuse,66.5,16.56,65.2,29.86,0,1,1,,
2013,Butler,Marquette,64.9,17.52,63.4,21.77,0,1,1,,
2013,Illinois,Miami (FL),65.5,20.19,64,26.22,0,1,1,,
2013,Louisville,Oregon,66.4,37.52,68.8,20.88,1,1,1,,
2013,Michigan State,Duke,64.7,28.61,68.2,32.5,0,1,1,,
2013,Wichita State,La Salle,64.9,22.66,66.5,15.76,1,1,1,,
2013,Arizona,Ohio State,66.8,26.17,64.3,30.72,0,1,1,,
2013,Kansas,Michigan,67.8,30.81,64.1,33.11,0,1,1,,
2013,Florida,Florida Gulf Coast,62.9,37.67,69.5,5.13,1,1,1,,
2013,Indiana,Syracuse,67.1,36.69,65.2,29.86,0,1,1,,
2013,Marquette,Miami (FL),63.4,21.77,64,26.22,1,1,1,,
2013,Louisville,Duke,66.4,37.52,68.2,32.5,1,1,1,,
2013,Wichita State,Ohio State,64.9,22.66,64.3,30.72,1,1,1,,
2013,Michigan,Florida,64.1,33.11,62.9,37.67,1,1,1,,
2013,Syracuse,Marquette,65.2,29.86,63.4,21.77,1,1,1,,
2013,Louisville,Wichita State,66.4,37.52,64.9,22.66,1,1,1,,
2013,Michigan,Syracuse,64.1,33.11,65.2,29.86,1,1,1,,
2013,Louisville,Michigan,66.4,37.52,64.1,33.11,1,1,1,,
2014,Florida,Albany (NY),62.7,31.98,63.1,-3.72,1,1,1,,
2014,Colorado,Pittsburgh,67,15.58,62.5,26.6,0,1,1,,
2014,Virginia Commonwealth,Stephen F. Austin,70.4,21.34,65.5,8.17,0,1,1,,
2014,UCLA,Tulsa,70,26.58,68.7,9.86,1,1,1,,
2014,Ohio State,Dayton,65,27.43,65.4,16.25,0,1,1,,
2014,Syracuse,Western Michigan,60.5,25.32,66.5,2.96,1,1,1,,
2014,New Mexico,Stanford,65.6,19.42,67.1,19.95,0,1,1,,
2014,Kansas,Eastern Kentucky,68.6,29.81,67.4,1.48,1,1,1,,
2014,Virginia,Coastal Carolina,60.6,29.08,68.6,-6.88,1,1,1,,
2014,Memphis,George Washington,70.6,18.91,67.9,15.85,1,1,1,,
2014,Cincinnati,Harvard,63.6,22.73,64.6,17.41,0,1,1,,
2014,Michigan State,Delaware,66,28.66,70.9,4.12,1,1,1,,
2014,North Carolina,Providence,70,22.39,64.9,17.34,1,1,1,,
2014,Iowa State,North Carolina Central,71.7,26.59,64.8,6.67,1,1,1,,
2014,Connecticut,Saint Joseph's,65.5,25.53,66,14.12,1,1,1,,
2014,Villanova,Milwaukee,67.6,27.98,67.9,-1.47,1,1,1,,
2014,Arizona,Weber State,64.1,35.45,64.3,-0.86,1,1,1,,
2014,Gonzaga,Oklahoma State,67.2,23.2,69.6,27.31,1,1,1,,
2014,Oklahoma,North Dakota State,71.7,21.5,63.9,10.33,0,1,1,,
2014,San Diego State,New Mexico State,63.9,22.99,66.9,10.11,1,1,1,,
2014,Baylor,Nebraska,64.2,23.72,65.4,15.64,1,1,1,,
2014,Creighton,Louisiana,65.3,26.82,71.2,4.32,1,1,1,,
2014,Oregon,Brigham Young,69.9,22.92,73.5,16.59,1,1,1,,
2014,Wisconsin,American,63.3,30.54,60.7,2.11,1,1,1,,
2014,Wichita State,Cal Poly,64.5,25.87,60.8,-1.25,1,1,1,,
2014,Kentucky,Kansas State,65.9,26.93,65.6,18.61,1,1,1,,
2014,Saint Louis,NC State,67.4,17.27,64.9,14.11,1,1,1,,
2014,Louisville,Manhattan,69,36.14,70.3,8.67,1,1,1,,
2014,Massachusetts,Tennessee,71.7,15.77,62.8,27.14,0,1,1,,
2014,Duke,Mercer,65.5,29.73,65.8,9.02,0,1,1,,
2014,Texas,Arizona State,69.1,18.37,69,19.68,1,1,1,,
2014,Michigan,Wofford,62.5,28.66,63.1,-5.66,1,1,1,,
2014,Florida,Pittsburgh,62.7,31.98,62.5,26.6,1,1,1,,
2014,Stephen F. Austin,UCLA,65.5,8.17,70,26.58,0,1,1,,
2014,Dayton,Syracuse,65.4,16.25,60.5,25.32,1,1,1,,
2014,Stanford,Kansas,67.1,19.95,68.6,29.81,1,1,1,,
2014,Virginia,Memphis,60.6,29.08,70.6,18.91,1,1,1,,
2014,Harvard,Michigan State,64.6,17.41,66,28.66,0,1,1,,
2014,North Carolina,Iowa State,70,22.39,71.7,26.59,0,1,1,,
2014,Connecticut,Villanova,65.5,25.53,67.6,27.98,1,1,1,,
2014,Arizona,Gonzaga,64.1,35.45,67.2,23.2,1,1,1,,
2014,North Dakota State,San Diego State,63.9,10.33,63.9,22.99,0,1,1,,
2014,Baylor,Creighton,64.2,23.72,65.3,26.82,1,1,1,,
2014,Oregon,Wisconsin,69.9,22.92,63.3,30.54,0,1,1,,
2014,Wichita State,Kentucky,64.5,25.87,65.9,26.93,0,1,1,,
2014,Saint Louis,Louisville,67.4,17.27,69,36.14,0,1,1,,
2014,Tennessee,Mercer,62.8,27.14,65.8,9.02,1,1,1,,
2014,Texas,Michigan,69.1,18.37,62.5,28.66,0,1,1,,
2014,Florida,UCLA,62.7,31.98,70,26.58,1,1,1,,
2014,Dayton,Stanford,65.4,16.25,67.1,19.95,1,1,1,,
2014,Virginia,Michigan State,60.6,29.08,66,28.66,0,1,1,,
2014,Iowa State,Connecticut,71.7,26.59,65.5,25.53,0,1,1,,
2014,Arizona,San Diego State,64.1,35.45,63.9,22.99,1,1,1,,
2014,Baylor,Wisconsin,64.2,23.72,63.3,30.54,0,1,1,,
2014,Kentucky,Louisville,65.9,26.93,69,36.14,1,1,1,,
2014,Tennessee,Michigan,62.8,27.14,62.5,28.66,0,1,1,,
2014,Florida,Dayton,62.7,31.98,65.4,16.25,1,1,1,,
2014,Michigan State,Connecticut,66,28.66,65.5,25.53,0,1,1,,
2014,Arizona,Wisconsin,64.1,35.45,63.3,30.54,0,1,1,,
2014,Kentucky,Michigan,65.9,26.93,62.5,28.66,1,1,1,,
2014,Florida,Connecticut,62.7,31.98,65.5,25.53,0,1,1,,
2014,Wisconsin,Kentucky,63.3,30.54,65.9,26.93,0,1,1,,
2014,Connecticut,Kentucky,65.5,25.53,65.9,26.93,1,1,1,,
2015,Kentucky,Hampton,63.7,43.93,69.5,-11.59,1,1,1,,
2015,Cincinnati,Purdue,59.6,17.94,65,20,1,1,1,,
2015,West Virginia,Buffalo,68.7,22.65,68.7,12.22,1,1,1,,
2015,Maryland,Valparaiso,64.7,20.58,63.8,10.73,1,1,1,,
2015,Butler,Texas,64.2,25.56,62.9,25.11,1,1,1,,
2015,Notre Dame,Northeastern,63.7,29.58,63.5,4.53,1,1,1,,
2015,Wichita State,Indiana,61.9,25.43,66.9,19.83,1,1,1,,
2015,Kansas,New Mexico State,66.7,28.19,62.9,7.14,1,1,1,,
2015,Wisconsin,Coastal Carolina,59.5,39.32,65.2,0,1,1,1,,
2015,Oregon,Oklahoma State,68,17.36,64.6,20.05,1,1,1,,
2015,Arkansas,Wofford,70.1,20.55,62.7,5.46,1,1,1,,
2015,North Carolina,Harvard,69.2,30.51,61.2,8.3,1,1,1,,
2015,Xavier,Mississippi,65.6,23.76,67,17.79,1,1,1,,
2015,Baylor,Georgia State,62.8,27.71,64.3,9.58,0,1,1,,
2015,Virginia Commonwealth,Ohio State,66.4,19.65,66,28.98,0,1,1,,
2015,Arizona,Texas Southern,66.5,36.51,64.5,-7.66,1,1,1,,
2015,Villanova,Lafayette,65,35.39,64.8,-4.13,1,1,1,,
2015,NC State,Louisiana State,64.5,21.57,69.6,17.12,1,1,1,,
2015,Northern Iowa,Wyoming,57.4,22.55,58.3,7.77,1,1,1,,
2015,Louisville,UC Irvine,65.5,27.28,63.7,6.76,1,1,1,,
2015,Providence,Dayton,65.7,20.92,64.2,17.57,0,1,1,,
2015,Oklahoma,Albany (NY),67.4,28.08,61.2,1.02,1,1,1,,
2015,Michigan State,Georgia,63,27.09,64.9,19.32,1,1,1,,
2015,Virginia,Belmont,58.6,36.09,67.5,11.74,1,1,1,,
2015,Duke,Robert Morris,65.9,38.52,66.7,-3.14,1,1,1,,
2015,San Diego State,St. John's (NY),60.8,19.44,67.6,18.44,1,1,1,,
2015,Utah,Stephen F. Austin,62.6,32.66,68,13.32,1,1,1,,
2015,Georgetown,Eastern Washington,64.6,11.83,68.3,1.7,1,1,1,,
2015,Southern Methodist,UCLA,63.3,20.96,67.3,18.22,0,1,1,,
2015,Iowa State,UAB,69.8,26.88,65.9,4.18,0,1,1,,
2015,Iowa,Davidson,64.5,24.16,67.2,18.27,1,1,1,,
2015,Gonzaga,North Dakota State,65.2,32.1,61.9,-0.28,1,1,1,,
2015,Kentucky,Cincinnati,63.7,43.93,59.6,17.94,1,1,1,,
2015,West Virginia,Maryland,68.7,22.65,64.7,20.58,1,1,1,,
2015,Butler,Notre Dame,64.2,25.56,63.7,29.58,0,1,1,,
2015,Wichita State,Kansas,61.9,25.43,66.7,28.19,1,1,1,,
2015,Wisconsin,Oregon,59.5,39.32,68,17.36,1,1,1,,
2015,Arkansas,North Carolina,70.1,20.55,69.2,30.51,0,1,1,,
2015,Xavier,Georgia State,65.6,23.76,64.3,9.58,1,1,1,,
2015,Ohio State,Arizona,66,28.98,66.5,36.51,0,1,1,,
2015,Villanova,NC State,65,35.39,64.5,21.57,0,1,1,,
2015,Northern Iowa,Louisville,57.4,22.55,65.5,27.28,0,1,1,,
2015,Dayton,Oklahoma,64.2,17.57,67.4,28.08,0,1,1,,
2015,Michigan State,Virginia,63,27.09,58.6,36.09,1,1,1,,
2015,Duke,San Diego State,65.9,38.52,60.8,19.44,1,1,1,,
2015,Utah,Georgetown,62.6,32.66,64.6,11.83,1,1,1,,
2015,UCLA,UAB,67.3,18.22,65.9,4.18,1,1,1,,
2015,Iowa,Gonzaga,64.5,24.16,65.2,32.1,0,1,1,,
2015,Kentucky,West Virginia,63.7,43.93,68.7,22.65,1,1,1,,
2015,Notre Dame,Wichita State,63.7,29.58,61.9,25.43,1,1,1,,
2015,Wisconsin,North Carolina,59.5,39.32,69.2,30.51,1,1,1,,
2015,Xavier,Arizona,65.6,23.76,66.5,36.51,0,1,1,,
2015,NC State,Louisville,64.5,21.57,65.5,27.28,1,1,1,,
2015,Oklahoma,Michigan State,67.4,28.08,63,27.09,0,1,1,,
2015,Duke,Utah,65.9,38.52,62.6,32.66,1,1,1,,
2015,UCLA,Gonzaga,67.3,18.22,65.2,32.1,0,1,1,,
2015,Kentucky,Notre Dame,63.7,43.93,63.7,29.58,1,1,1,,
2015,Wisconsin,Arizona,59.5,39.32,66.5,36.51,1,1,1,,
2015,Louisville,Michigan State,65.5,27.28,63,27.09,0,1,1,,
2015,Duke,Gonzaga,65.9,38.52,65.2,32.1,1,1,1,,
2015,Kentucky,Wisconsin,63.7,43.93,59.5,39.32,0,1,1,,
2015,Michigan State,Duke,63,27.09,65.9,38.52,0,1,1,,
2015,Wisconsin,Duke,59.5,39.32,65.9,38.52,0,1,1,,
2016,Kansas,Austin Peay,69.7,34.95,70.5,-6.74,1,1,1,,
2016,Colorado,Connecticut,70.8,17.89,66.1,24.08,0,1,1,,
2016,Maryland,South Dakota State,67.3,25.49,68.8,9.37,1,1,1,,
2016,California,Hawaii,68.2,23.14,71.6,14.06,0,1,1,,
2016,Arizona,Wichita State,69.8,27.51,66.1,26.35,0,1,1,,
2016,Miami (FL),Buffalo,66.2,27.73,72.6,3.36,1,1,1,,
2016,Iowa,Temple,69.1,25.21,65.8,12.51,1,1,1,,
2016,Villanova,UNC Asheville,67.3,36.33,70.4,2.48,1,1,1,,
2016,Oregon,Holy Cross,69.5,26.59,64.6,-14.98,1,1,1,,
2016,Saint Joseph's,Cincinnati,70.1,18.38,65.5,22.55,1,1,1,,
2016,Baylor,Yale,67.6,24.32,66.9,14.95,0,1,1,,
2016,Duke,UNC Wilmington,68.4,28.27,71.3,9.51,1,1,1,,
2016,Texas,Northern Iowa,66.8,22.12,64.1,14.32,0,1,1,,
2016,Texas A&M,Green Bay,68.6,26.87,77.3,3.25,1,1,1,,
2016,Oregon State,Virginia Commonwealth,68.4,15.7,69.8,21.08,0,1,1,,
2016,Oklahoma,Cal State Bakersfield,71,28.39,68.4,5.57,1,1,1,,
2016,North Carolina,Florida Gulf Coast,70.2,34.39,69.7,0.53,1,1,1,,
2016,Southern California,Providence,72.5,19.71,69.8,18.23,0,1,1,,
2016,Indiana,Chattanooga,69.1,29.39,68.1,6.28,1,1,1,,
2016,Kentucky,Stony Brook,68.1,30.32,67.8,7.58,1,1,1,,
2016,Notre Dame,Michigan,65,21.47,65.7,21.67,1,1,1,,
2016,West Virginia,Stephen F. Austin,70.7,30.81,69.6,15.1,0,1,1,,
2016,Wisconsin,Pittsburgh,64.1,20.99,66.4,23.28,1,1,1,,
2016,Xavier,Weber State,72.4,27.18,68.6,1.93,1,1,1,,
2016,Virginia,Hampton,61.5,34.97,71.7,-11.05,1,1,1,,
2016,Texas Tech,Butler,66.7,18.81,69.8,23.11,0,1,1,,
2016,Purdue,Little Rock,67.8,30.35,64.5,12.85,0,1,1,,
2016,Iowa State,Iona,71.5,24.83,72.5,6.47,1,1,1,,
2016,Seton Hall,Gonzaga,70.7,21.89,68.1,25.33,0,1,1,,
2016,Utah,Fresno State,67.7,22.55,70.1,8.72,1,1,1,,
2016,Dayton,Syracuse,68.6,17.45,64.9,22.94,0,1,1,,
2016,Michigan State,Middle Tennessee,66.8,34.24,69.1,5.14,0,1,1,,
2016,Kansas,Connecticut,69.7,34.95,66.1,24.08,1,1,1,,
2016,Maryland,Hawaii,67.3,25.49,71.6,14.06,1,1,1,,
2016,Wichita State,Miami (FL),66.1,26.35,66.2,27.73,0,1,1,,
2016,Iowa,Villanova,69.1,25.21,67.3,36.33,0,1,1,,
2016,Oregon,Saint Joseph's,69.5,26.59,70.1,18.38,1,1,1,,
2016,Yale,Duke,66.9,14.95,68.4,28.27,0,1,1,,
2016,Northern Iowa,Texas A&M,64.1,14.32,68.6,26.87,0,1,1,,
2016,Virginia Commonwealth,Oklahoma,69.8,21.08,71,28.39,0,1,1,,
2016,North Carolina,Providence,70.2,34.39,69.8,18.23,1,1,1,,
2016,Indiana,Kentucky,69.1,29.39,68.1,30.32,1,1,1,,
2016,Notre Dame,Stephen F. Austin,65,21.47,69.6,15.1,1,1,1,,
2016,Wisconsin,Xavier,64.1,20.99,72.4,27.18,1,1,1,,
2016,Virginia,Butler,61.5,34.97,69.8,23.11,1,1,1,,
2016,Little Rock,Iowa State,64.5,12.85,71.5,24.83,0,1,1,,
2016,Gonzaga,Utah,68.1,25.33,67.7,22.55,1,1,1,,
2016,Syracuse,Middle Tennessee,64.9,22.94,69.1,5.14,1,1,1,,
2016,Kansas,Maryland,69.7,34.95,67.3,25.49,1,1,1,,
2016,Miami (FL),Villanova,66.2,27.73,67.3,36.33,0,1,1,,
2016,Oregon,Duke,69.5,26.59,68.4,28.27,1,1,1,,
2016,Texas A&M,Oklahoma,68.6,26.87,71,28.39,0,1,1,,
2016,North Carolina,Indiana,70.2,34.39,69.1,29.39,1,1,1,,
2016,Notre Dame,Wisconsin,65,21.47,64.1,20.99,1,1,1,,
2016,Virginia,Iowa State,61.5,34.97,71.5,24.83,1,1,1,,
2016,Gonzaga,Syracuse,68.1,25.33,64.9,22.94,0,1,1,,
2016,Kansas,Villanova,69.7,34.95,67.3,36.33,0,1,1,,
2016,Oregon,Oklahoma,69.5,26.59,71,28.39,0,1,1,,
2016,North Carolina,Notre Dame,70.2,34.39,65,21.47,1,1,1,,
2016,Virginia,Syracuse,61.5,34.97,64.9,22.94,0,1,1,,
2016,Villanova,Oklahoma,67.3,36.33,71,28.39,1,1,1,,
2016,North Carolina,Syracuse,70.2,34.39,64.9,22.94,1,1,1,,
2016,Villanova,North Carolina,67.3,36.33,70.2,34.39,1,1,1,,
2017,Villanova,Mount St. Mary's,65.6,36.05,68.4,-4.2,1,1,1,,
2017,Wisconsin,Virginia Tech,64.5,29.8,69.8,18.91,1,1,1,,
2017,Virginia,UNC Wilmington,60.3,32.38,71.5,12.88,1,1,1,,
2017,Florida,East Tennessee State,70.1,32.51,71.4,11.19,1,1,1,,
2017,Southern Methodist,Southern California,63.7,30.02,70.1,17.65,0,1,1,,
2017,Baylor,New Mexico State,65.3,29.86,70,8.48,1,1,1,,
2017,South Carolina,Marquette,69.9,26.03,71.1,22.86,1,1,1,,
2017,Duke,Troy,69.9,31.53,70.1,0.79,1,1,1,,
2017,Gonzaga,South Dakota State,70.9,36.71,69.2,-1.82,1,1,1,,
2017,Northwestern,Vanderbilt,66.5,21.17,67.1,21.11,1,1,1,,
2017,Notre Dame,Princeton,67.7,26.68,65.2,12.89,1,1,1,,
2017,West Virginia,Bucknell,71.4,34.12,70.7,9.21,1,1,1,,
2017,Maryland,Xavier,68.1,19.65,68.2,22.59,0,1,1,,
2017,Florida State,Florida Gulf Coast,72.6,27.18,69.3,5.19,1,1,1,,
2017,Saint Mary's (CA),Virginia Commonwealth,61.3,28.15,69,17.89,1,1,1,,
2017,Arizona,North Dakota,67.3,27.29,72.9,-1.13,1,1,1,,
2017,Kansas,UC Davis,71.4,34.02,70.2,-5.82,1,1,1,,
2017,Miami (FL),Michigan State,64.7,21.7,68.2,20.99,0,1,1,,
2017,Iowa State,Nevada,70.6,29.09,70.9,15.81,1,1,1,,
2017,Purdue,Vermont,70,29.63,65.4,12.34,1,1,1,,
2017,Creighton,Rhode Island,72.9,25.08,67.4,19.94,0,1,1,,
2017,Oregon,Iona,68.8,30.2,72.3,3.35,1,1,1,,
2017,Michigan,Oklahoma State,63.8,29.14,72.7,27.4,1,1,1,,
2017,Louisville,Jacksonville State,68.5,32.93,65.3,-2.17,1,1,1,,
2017,North Carolina,Texas Southern,72.6,35.41,69.7,-7.19,1,1,1,,
2017,Arkansas,Seton Hall,71.7,20.43,69,18.22,1,1,1,,
2017,Minnesota,Middle Tennessee,70.3,21.42,66.4,16.13,0,1,1,,
2017,Butler,Winthrop,67.3,26.71,71.5,3.36,1,1,1,,
2017,Cincinnati,Kansas State,65.1,27.97,67.5,22.49,1,1,1,,
2017,UCLA,Kent State,74.2,28.85,70.7,2.51,1,1,1,,
2017,Dayton,Wichita State,69.4,19.78,69.4,30.85,0,1,1,,
2017,Kentucky,Northern Kentucky,74.3,33.41,70.8,1.33,1,1,1,,
2017,Villanova,Wisconsin,65.6,36.05,64.5,29.8,0,1,1,,
2017,Virginia,Florida,60.3,32.38,70.1,32.51,0,1,1,,
2017,Southern California,Baylor,70.1,17.65,65.3,29.86,0,1,1,,
2017,South Carolina,Duke,69.9,26.03,69.9,31.53,1,1,1,,
2017,Gonzaga,Northwestern,70.9,36.71,66.5,21.17,1,1,1,,
2017,Notre Dame,West Virginia,67.7,26.68,71.4,34.12,0,1,1,,
2017,Xavier,Florida State,68.2,22.59,72.6,27.18,1,1,1,,
2017,Saint Mary's (CA),Arizona,61.3,28.15,67.3,27.29,0,1,1,,
2017,Kansas,Michigan State,71.4,34.02,68.2,20.99,1,1,1,,
2017,Iowa State,Purdue,70.6,29.09,70,29.63,0,1,1,,
2017,Rhode Island,Oregon,67.4,19.94,68.8,30.2,0,1,1,,
2017,Michigan,Louisville,63.8,29.14,68.5,32.93,1,1,1,,
2017,North Carolina,Arkansas,72.6,35.41,71.7,20.43,1,1,1,,
2017,Middle Tennessee,Butler,66.4,16.13,67.3,26.71,0,1,1,,
2017,Cincinnati,UCLA,65.1,27.97,74.2,28.85,0,1,1,,
2017,Wichita State,Kentucky,69.4,30.85,74.3,33.41,0,1,1,,
2017,Wisconsin,Florida,64.5,29.8,70.1,32.51,0,1,1,,
2017,Baylor,South Carolina,65.3,29.86,69.9,26.03,0,1,1,,
2017,Gonzaga,West Virginia,70.9,36.71,71.4,34.12,1,1,1,,
2017,Xavier,Arizona,68.2,22.59,67.3,27.29,1,1,1,,
2017,Kansas,Purdue,71.4,34.02,70,29.63,1,1,1,,
2017,Oregon,Michigan,68.8,30.2,63.8,29.14,1,1,1,,
2017,North Carolina,Butler,72.6,35.41,67.3,26.71,1,1,1,,
2017,UCLA,Kentucky,74.2,28.85,74.3,33.41,0,1,1,,
2017,Florida,South Carolina,70.1,32.51,69.9,26.03,0,1,1,,
2017,Gonzaga,Xavier,70.9,36.71,68.2,22.59,1,1,1,,
2017,Kansas,Oregon,71.4,34.02,68.8,30.2,0,1,1,,
2017,North Carolina,Kentucky,72.6,35.41,74.3,33.41,1,1,1,,
2017,South Carolina,Gonzaga,69.9,26.03,70.9,36.71,0,1,1,,
2017,Oregon,North Carolina,68.8,30.2,72.6,35.41,0,1,1,,
2017,Gonzaga,North Carolina,70.9,36.71,72.6,35.41,0,1,1,,
2018,Virginia,Maryland-Baltimore County,60.6,34.98,69.2,-1.5,0,1,1,,
2018,Creighton,Kansas State,72.8,23.11,66.6,19.12,0,1,1,,
2018,Kentucky,Davidson,69.8,25.03,65.3,18,1,1,1,,
2018,Arizona,Buffalo,68.6,23.04,73.9,11.89,0,1,1,,
2018,Miami (FL),Loyola (IL),67.8,19.17,65.9,16.75,0,1,1,,
2018,Tennessee,Wright State,67.1,27.13,69.9,2.17,1,1,1,,
2018,Nevada,Texas,70.5,21.14,66.9,20.26,1,1,1,,
2018,Cincinnati,Georgia State,66.1,30.51,67.9,6.07,1,1,1,,
2018,Xavier,Texas Southern,72.3,26.94,72.7,-9.42,1,1,1,,
2018,Missouri,Florida State,67.3,20.23,72.2,22.35,0,1,1,,
2018,Ohio State,South Dakota State,67.9,26.41,72.3,10.33,1,1,1,,
2018,Gonzaga,UNC Greensboro,69.7,26.88,66.9,8.42,1,1,1,,
2018,Houston,San Diego State,68.5,23.72,70.4,17.83,1,1,1,,
2018,Michigan,Montana,65.7,28.19,69.9,9.58,1,1,1,,
2018,Texas A&M,Providence,70.9,21.87,69.5,16.35,1,1,1,,
2018,North Carolina,Lipscomb,71.7,28.53,77,-1.63,1,1,1,,
2018,Villanova,Radford,70.1,38.13,63.4,-2.26,1,1,1,,
2018,Virginia Tech,Alabama,69.9,20.75,70.2,17.8,0,1,1,,
2018,West Virginia,Murray State,70.5,28.22,68.1,11.69,1,1,1,,
2018,Wichita State,Marshall,70,23.65,76.3,6.65,0,1,1,,
2018,Florida,St. Bonaventure,68.4,24.11,69.4,13.7,1,1,1,,
2018,Texas Tech,Stephen F. Austin,68.3,28.06,73.8,4.31,1,1,1,,
2018,Arkansas,Butler,71.3,20.65,69.6,24.46,0,1,1,,
2018,Purdue,Cal State Fullerton,68.1,33.73,69.9,-0.27,1,1,1,,
2018,Kansas,Pennsylvania,70.2,30.43,70.2,4.11,1,1,1,,
2018,Seton Hall,NC State,71.1,22.61,72.1,18.45,1,1,1,,
2018,Clemson,New Mexico State,67.5,25.4,70.1,13.88,1,1,1,,
2018,Auburn,College of Charleston,73.4,22.61,65.9,4.44,1,1,1,,
2018,TCU,Syracuse,70,23.49,64.2,19.5,0,1,1,,
2018,Michigan State,Bucknell,68.1,32.8,72.4,6.92,1,1,1,,
2018,Rhode Island,Oklahoma,69.2,17.66,76.5,19.26,1,1,1,,
2018,Duke,Iona,70.6,35.34,71.5,2.13,1,1,1,,
2018,Maryland-Baltimore County,Kansas State,69.2,-1.5,66.6,19.12,0,1,1,,
2018,Kentucky,Buffalo,69.8,25.03,73.9,11.89,1,1,1,,
2018,Loyola (IL),Tennessee,65.9,16.75,67.1,27.13,1,1,1,,
2018,Nevada,Cincinnati,70.5,21.14,66.1,30.51,1,1,1,,
2018,Xavier,Florida State,72.3,26.94,72.2,22.35,0,1,1,,
2018,Ohio State,Gonzaga,67.9,26.41,69.7,26.88,0,1,1,,
2018,Houston,Michigan,68.5,23.72,65.7,28.19,0,1,1,,
2018,Texas A&M,North Carolina,70.9,21.87,71.7,28.53,1,1,1,,
2018,Villanova,Alabama,70.1,38.13,70.2,17.8,1,1,1,,
2018,West Virginia,Marshall,70.5,28.22,76.3,6.65,1,1,1,,
2018,Florida,Texas Tech,68.4,24.11,68.3,28.06,0,1,1,,
2018,Butler,Purdue,69.6,24.46,68.1,33.73,0,1,1,,
2018,Kansas,Seton Hall,70.2,30.43,71.1,22.61,1,1,1,,
2018,Clemson,Auburn,67.5,25.4,73.4,22.61,1,1,1,,
2018,Syracuse,Michigan State,64.2,19.5,68.1,32.8,1,1,1,,
2018,Rhode Island,Duke,69.2,17.66,70.6,35.34,0,1,1,,
2018,Kansas State,Kentucky,66.6,19.12,69.8,25.03,1,1,1,,
2018,Loyola (IL),Nevada,65.9,16.75,70.5,21.14,1,1,1,,
2018,Florida State,Gonzaga,72.2,22.35,69.7,26.88,1,1,1,,
2018,Michigan,Texas A&M,65.7,28.19,70.9,21.87,1,1,1,,
2018,Villanova,West Virginia,70.1,38.13,70.5,28.22,1,1,1,,
2018,Texas Tech,Purdue,68.3,28.06,68.1,33.73,1,1,1,,
2018,Kansas,Clemson,70.2,30.43,67.5,25.4,1,1,1,,
2018,Syracuse,Duke,64.2,19.5,70.6,35.34,0,1,1,,
2018,Kansas State,Loyola (IL),66.6,19.12,65.9,16.75,0,1,1,,
2018,Florida State,Michigan,72.2,22.35,65.7,28.19,0,1,1,,
2018,Villanova,Texas Tech,70.1,38.13,68.3,28.06,1,1,1,,
2018,Kansas,Duke,70.2,30.43,70.6,35.34,1,1,1,,
2018,Loyola (IL),Michigan,65.9,16.75,65.7,28.19,0,1,1,,
2018,Villanova,Kansas,70.1,38.13,70.2,30.43,1,1,1,,
2018,Michigan,Villanova,65.7,28.19,70.1,38.13,0,1,1,,
2019,Duke,North Dakota State,73.2,37.38,66.8,-4.84,1,1,1,,
2019,Virginia Commonwealth,UCF,69,17.79,67.3,19.75,0,1,1,,
2019,Mississippi State,Liberty,68.6,23.46,65.4,9.88,0,1,1,,
2019,Virginia Tech,Saint Louis,64.4,29.26,67,8.21,1,1,1,,
2019,Maryland,Belmont,66.6,23.4,74.2,13.36,1,1,1,,
2019,Louisiana State,Yale,70.6,23.93,72.9,7.99,1,1,1,,
2019,Louisville,Minnesota,68.4,25.05,67.9,18.13,0,1,1,,
2019,Michigan State,Bradley,68.1,36.38,66.2,0.6,1,1,1,,
2019,Gonzaga,FDU,71.7,38.95,68.7,-7.7,1,1,1,,
2019,Syracuse,Baylor,67.2,20.65,66.5,19.99,0,1,1,,
2019,Marquette,Murray State,70.7,21.06,71.8,13.48,0,1,1,,
2019,Florida State,Vermont,69.5,25.95,66.5,8.51,1,1,1,,
2019,Buffalo,Arizona State,74.5,21.21,72.5,14.98,1,1,1,,
2019,Texas Tech,Northern Kentucky,67.6,34.14,70,7.2,1,1,1,,
2019,Nevada,Florida,70.7,22.61,64.7,22.8,0,1,1,,
2019,Michigan,Montana,65.4,32.83,68.6,2.75,1,1,1,,
2019,Virginia,Gardner-Webb,60.8,39.61,68.5,-2.92,1,1,1,,
2019,Mississippi,Oklahoma,69.2,18.16,69.3,21.53,0,1,1,,
2019,Wisconsin,Oregon,64.8,26.69,65.5,21.28,0,1,1,,
2019,Kansas State,UC Irvine,64.9,23.16,66.2,9.43,0,1,1,,
2019,Villanova,Saint Mary's (CA),65,21.09,64.3,19.67,1,1,1,,
2019,Purdue,Old Dominion,66.1,31.89,65.6,6.57,1,1,1,,
2019,Cincinnati,Iowa,65,21.76,70.2,20.82,0,1,1,,
2019,Tennessee,Colgate,69.4,30.99,67.8,2.34,1,1,1,,
2019,North Carolina,Iona,75.9,32.41,71.4,-5.88,1,1,1,,
2019,Utah State,Washington,70,17.39,67.4,17.7,0,1,1,,
2019,Auburn,New Mexico State,69.2,29.69,68.3,15.26,1,1,1,,
2019,Kansas,Northeastern,70.3,26.37,66.3,6.38,1,1,1,,
2019,Iowa State,Ohio State,68.2,26.57,66.7,20.11,0,1,1,,
2019,Houston,Georgia State,67.3,27.83,71.3,4.27,1,1,1,,
2019,Wofford,Seton Hall,68.5,21.24,70.1,15.28,1,1,1,,
2019,Kentucky,Abilene Christian,67.3,32.04,67.2,-1.53,1,1,1,,
2019,Duke,UCF,73.2,37.38,67.3,19.75,1,1,1,,
2019,Liberty,Virginia Tech,65.4,9.88,64.4,29.26,0,1,1,,
2019,Maryland,Louisiana State,66.6,23.4,70.6,23.93,0,1,1,,
2019,Minnesota,Michigan State,67.9,18.13,68.1,36.38,0,1,1,,
2019,Gonzaga,Baylor,71.7,38.95,66.5,19.99,1,1,1,,
2019,Murray State,Florida State,71.8,13.48,69.5,25.95,0,1,1,,
2019,Buffalo,Texas Tech,74.5,21.21,67.6,34.14,0,1,1,,
2019,Florida,Michigan,64.7,22.8,65.4,32.83,0,1,1,,
2019,Virginia,Oklahoma,60.8,39.61,69.3,21.53,1,1,1,,
2019,Oregon,UC Irvine,65.5,21.28,66.2,9.43,1,1,1,,
2019,Villanova,Purdue,65,21.09,66.1,31.89,0,1,1,,
2019,Iowa,Tennessee,70.2,20.82,69.4,30.99,0,1,1,,
2019,North Carolina,Washington,75.9,32.41,67.4,17.7,1,1,1,,
2019,Auburn,Kansas,69.2,29.69,70.3,26.37,1,1,1,,
2019,Ohio State,Houston,66.7,20.11,67.3,27.83,0,1,1,,
2019,Wofford,Kentucky,68.5,21.24,67.3,32.04,0,1,1,,
2019,Duke,Virginia Tech,73.2,37.38,64.4,29.26,1,1,1,,
2019,Louisiana State,Michigan State,70.6,23.93,68.1,36.38,0,1,1,,
2019,Gonzaga,Florida State,71.7,38.95,69.5,25.95,1,1,1,,
2019,Texas Tech,Michigan,67.6,34.14,65.4,32.83,1,1,1,,
2019,Virginia,Oregon,60.8,39.61,65.5,21.28,1,1,1,,
2019,Purdue,Tennessee,66.1,31.89,69.4,30.99,1,1,1,,
2019,North Carolina,Auburn,75.9,32.41,69.2,29.69,0,1,1,,
2019,Houston,Kentucky,67.3,27.83,67.3,32.04,0,1,1,,
2019,Duke,Michigan State,73.2,37.38,68.1,36.38,0,1,1,,
2019,Gonzaga,Texas Tech,71.7,38.95,67.6,34.14,0,1,1,,
2019,Virginia,Purdue,60.8,39.61,66.1,31.89,1,1,1,,
2019,Auburn,Kentucky,69.2,29.69,67.3,32.04,1,1,1,,
2019,Michigan State,Texas Tech,68.1,36.38,67.6,34.14,1,1,1,,
2019,Virginia,Auburn,60.8,39.61,69.2,29.69,1,1,1,,
2019,Texas Tech,Virginia,67.6,34.14,60.8,39.61,0,1,1,,
2020,,,,,,,,,,,
2020,,,,,,,,,,,
2020,,,,,,,,,,,
2020,,,,,,,,,,,
2020,,,,,,,,,,,
2020,,,,,,,,,,,
2020,,,,,,,,,,,
2020,,,,,,,,,,,
2020,,,,,,,,,,,
2020,,,,,,,,,,,
2020,,,,,,,,,,,
2020,,COVID - NO TOURNEY = NO STATS,,,,,,,,,
2020,,,,,,,,,,,
2020,,,,,,,,,,,
2020,,,,,,,,,,,
2020,,,,,,,,,,,
2020,,,,,,,,,,,
2020,,,,,,,,,,,
2020,,,,,,,,,,,
2020,,,,,,,,,,,
2020,,,,,,,,,,,
2020,,,,,,,,,,,
2020,,,,,,,,,,,
2020,,,,,,,,,,,
2020,,,,,,,,,,,
2020,,,,,,,,,,,
2020,,,,,,,,,,,
2020,,,,,,,,,,,
2020,,,,,,,,,,,
2020,,,,,,,,,,,
2020,,,,,,,,,,,
2020,,,,,,,,,,,
2020,,,,,,,,,,,
2020,,,,,,,,,,,
2020,,,,,,,,,,,
2020,,,,,,,,,,,
2020,,,,,,,,,,,
2020,,,,,,,,,,,
2020,,,,,,,,,,,
2020,,,,,,,,,,,
2020,,,,,,,,,,,
2020,,,,,,,,,,,
2020,,,,,,,,,,,
2020,,,,,,,,,,,
2020,,,,,,,,,,,
2020,,,,,,,,,,,
2020,,,,,,,,,,,
2020,,,,,,,,,,,
2020,,,,,,,,,,,
2020,,,,,,,,,,,
2020,,,,,,,,,,,
2020,,,,,,,,,,,
2020,,,,,,,,,,,
2020,,,,,,,,,,,
2020,,,,,,,,,,,
2020,,,,,,,,,,,
2020,,,,,,,,,,,
2020,,,,,,,,,,,
2020,,,,,,,,,,,
2020,,,,,,,,,,,
2020,,,,,,,,,,,
2020,,,,,,,,,,,
2020,,,,,,,,,,,
2020,,,,,,,,,,,
2021,Gonzaga,Norfolk State,74.6,37.56,72,-6.87,1,1,1,,
2021,Oklahoma,Missouri,69.2,19.46,70.4,17.98,1,1,1,,
2021,Creighton,UC Santa Barbara,69.6,23.34,67.2,13.22,1,1,1,,
2021,Virginia,Ohio,60.8,24.45,71.6,7.98,0,1,1,,
2021,Southern California,Drake,67.7,29.96,66.8,14.67,1,1,1,,
2021,Kansas,Eastern Washington,69.7,22.62,71.8,5.79,1,1,1,,
2021,Oregon,Virginia Commonwealth,65.8,23.64,67.9,17.1,1,1,1,,
2021,Iowa,Grand Canyon,71,30.77,68.2,9.22,1,1,1,,
2021,Michigan,Texas Southern,67.8,32.27,73.9,-7.45,1,1,1,,
2021,Louisiana State,St. Bonaventure,72.6,23.08,65.3,20.96,1,1,1,,
2021,Colorado,Georgetown,66.5,27.8,70.4,15.07,1,1,1,,
2021,Florida State,UNC Greensboro,70,25.49,70.5,5.96,1,1,1,,
2021,Brigham Young,UCLA,70.2,22.42,65.4,24.07,0,1,1,,
2021,Texas,Abilene Christian,69.5,22.61,72,9.3,0,1,1,,
2021,Connecticut,Maryland,66.2,26.06,65.9,20.98,0,1,1,,
2021,Alabama,Iona,74.7,27.71,69.9,-1,1,1,1,,
2021,Baylor,Hartford,69.6,35.68,67,-4.11,1,1,1,,
2021,North Carolina,Wisconsin,71.8,21.41,65.8,25.63,0,1,1,,
2021,Villanova,Winthrop,65.7,26.06,72.5,6.59,1,1,1,,
2021,Purdue,North Texas,66.5,23.33,65.2,11.7,0,1,1,,
2021,Texas Tech,Utah State,67.1,24.6,69.5,16.27,1,1,1,,
2021,Arkansas,Colgate,75.1,24.8,72.7,18.4,1,1,1,,
2021,Florida,Virginia Tech,70.6,19.99,66.4,18.76,1,1,1,,
2021,Ohio State,Oral Roberts,67.6,26.67,73.6,3.09,0,1,1,,
2021,Illinois,Drexel,71.2,32.83,66,-0.34,1,1,1,,
2021,Loyola (IL),Georgia Tech,63.8,24.47,67.9,19.55,1,1,1,,
2021,Tennessee,Oregon State,68.7,24.76,66.2,17.4,0,1,1,,
2021,Oklahoma State,Liberty,73,19.76,64.9,8.13,1,1,1,,
2021,San Diego State,Syracuse,66.9,21.37,69.3,19.77,0,1,1,,
2021,West Virginia,Morehead State,70.6,22.58,67.1,-0.68,1,1,1,,
2021,Clemson,Rutgers,64.9,18.88,68.3,20.67,0,1,1,,
2021,Houston,Cleveland State,66.1,32.81,67.6,-5.55,1,1,1,,
2021,Gonzaga,Oklahoma,74.6,37.56,69.2,19.46,1,1,1,,
2021,Creighton,Ohio,69.6,23.34,71.6,7.98,1,1,1,,
2021,Southern California,Kansas,67.7,29.96,69.7,22.62,1,1,1,,
2021,Oregon,Iowa,65.8,23.64,71,30.77,1,1,1,,
2021,Michigan,Louisiana State,67.8,32.27,72.6,23.08,1,1,1,,
2021,Colorado,Florida State,66.5,27.8,70,25.49,0,1,1,,
2021,UCLA,Abilene Christian,65.4,24.07,72,9.3,1,1,1,,
2021,Maryland,Alabama,65.9,20.98,74.7,27.71,0,1,1,,
2021,Baylor,Wisconsin,69.6,35.68,65.8,25.63,1,1,1,,
2021,Villanova,North Texas,65.7,26.06,65.2,11.7,1,1,1,,
2021,Texas Tech,Arkansas,67.1,24.6,75.1,24.8,0,1,1,,
2021,Florida,Oral Roberts,70.6,19.99,73.6,3.09,0,1,1,,
2021,Illinois,Loyola (IL),71.2,32.83,63.8,24.47,0,1,1,,
2021,Oregon State,Oklahoma State,66.2,17.4,73,19.76,1,1,1,,
2021,Syracuse,West Virginia,69.3,19.77,70.6,22.58,1,1,1,,
2021,Rutgers,Houston,68.3,20.67,66.1,32.81,0,1,1,,
2021,Gonzaga,Creighton,74.6,37.56,69.6,23.34,1,1,1,,
2021,Southern California,Oregon,67.7,29.96,65.8,23.64,1,1,1,,
2021,Michigan,Florida State,67.8,32.27,70,25.49,1,1,1,,
2021,UCLA,Alabama,65.4,24.07,74.7,27.71,1,1,1,,
2021,Baylor,Villanova,69.6,35.68,65.7,26.06,1,1,1,,
2021,Arkansas,Oral Roberts,75.1,24.8,73.6,3.09,1,1,1,,
2021,Loyola (IL),Oregon State,63.8,24.47,66.2,17.4,0,1,1,,
2021,Syracuse,Houston,69.3,19.77,66.1,32.81,1,1,1,,
2021,Gonzaga,Southern California,74.6,37.56,67.7,29.96,1,1,1,,
2021,Michigan,UCLA,67.8,32.27,65.4,24.07,0,1,1,,
2021,Baylor,Arkansas,69.6,35.68,75.1,24.8,1,1,1,,
2021,Oregon State,Houston,66.2,17.4,66.1,32.81,0,1,1,,
2021,Gonzaga,UCLA,74.6,37.56,65.4,24.07,1,1,1,,
2021,Baylor,Houston,69.6,35.68,66.1,32.81,1,1,1,,
2021,Gonzaga,Baylor,74.6,37.56,69.6,35.68,0,1,1,,
2022,Gonzaga,Georgia State,73.8,34.95,68.6,-0.57,1,1,1,,
2022,Boise State,Memphis,64.9,17.84,71,20.98,0,1,1,,
2022,Connecticut,New Mexico State,66.8,23.45,68.3,10.71,0,1,1,,
2022,Arkansas,Vermont,72,23.25,65.1,12.7,1,1,1,,
2022,Alabama,Notre Dame,73.2,21.15,65.9,17.94,0,1,1,,
2022,Texas Tech,Montana State,67.3,29.59,69.5,0.26,1,1,1,,
2022,Michigan State,Davidson,67.9,19.04,66.1,16.06,1,1,1,,
2022,Duke,Cal State Fullerton,68.2,28.52,67.2,0.55,1,1,1,,
2022,Baylor,Norfolk State,68.6,31.81,70.7,-4.64,1,1,1,,
2022,North Carolina,Marquette,70.3,22.77,71.6,16.74,1,1,1,,
2022,Saint Mary's (CA),Indiana,65.5,21.96,67.9,18.85,1,1,1,,
2022,UCLA,Akron,66.5,28.38,64.1,2.27,1,1,1,,
2022,Texas,Virginia Tech,64.5,26.18,63.6,21.99,1,1,1,,
2022,Purdue,Yale,66.7,28.09,70.3,0.63,1,1,1,,
2022,Murray State,San Francisco,68.3,15.22,70.9,20.14,1,1,1,,
2022,Kentucky,Saint Peter's,69.2,29.73,66.7,5.27,0,1,1,,
2022,Arizona,Wright State,72.7,31.32,70,-2.39,1,1,1,,
2022,Seton Hall,TCU,68.7,18.29,67.2,20.35,0,1,1,,
2022,Houston,UAB,65,33.83,70.4,15.63,1,1,1,,
2022,Illinois,Chattanooga,67.9,24.61,66,10.33,1,1,1,,
2022,Colorado State,Michigan,66,17.35,67.5,20.71,0,1,1,,
2022,Tennessee,Longwood,68.6,30.14,67.8,0.68,1,1,1,,
2022,Ohio State,Loyola (IL),65.1,21.22,65.7,20.63,1,1,1,,
2022,Villanova,Delaware,63.6,29.32,68,1.23,1,1,1,,
2022,Kansas,Texas Southern,69.5,31.97,69.7,-4.1,1,1,1,,
2022,San Diego State,Creighton,65.3,19.74,68.1,16.26,0,1,1,,
2022,Iowa,Richmond,70.3,26.82,67.4,11.16,0,1,1,,
2022,Providence,South Dakota State,65.9,19.26,71.7,9.67,1,1,1,,
2022,Louisiana State,Iowa State,70.4,24.74,67.2,18.58,0,1,1,,
2022,Wisconsin,Colgate,67,19.6,67.6,2.21,1,1,1,,
2022,Southern California,Miami (FL),67.5,18.01,67.8,16.45,0,1,1,,
2022,Auburn,Jacksonville State,71.3,27.28,67.5,0.97,1,1,1,,
2022,Gonzaga,Memphis,73.8,34.95,71,20.98,1,1,1,,
2022,New Mexico State,Arkansas,68.3,10.71,72,23.25,0,1,1,,
2022,Notre Dame,Texas Tech,65.9,17.94,67.3,29.59,0,1,1,,
2022,Michigan State,Duke,67.9,19.04,68.2,28.52,0,1,1,,
2022,Baylor,North Carolina,68.6,31.81,70.3,22.77,0,1,1,,
2022,Saint Mary's (CA),UCLA,65.5,21.96,66.5,28.38,0,1,1,,
2022,Texas,Purdue,64.5,26.18,66.7,28.09,0,1,1,,
2022,Murray State,Saint Peter's,68.3,15.22,66.7,5.27,0,1,1,,
2022,Arizona,TCU,72.7,31.32,67.2,20.35,1,1,1,,
2022,Houston,Illinois,65,33.83,67.9,24.61,1,1,1,,
2022,Michigan,Tennessee,67.5,20.71,68.6,30.14,1,1,1,,
2022,Ohio State,Villanova,65.1,21.22,63.6,29.32,0,1,1,,
2022,Kansas,Creighton,69.5,31.97,68.1,16.26,1,1,1,,
2022,Richmond,Providence,67.4,11.16,65.9,19.26,0,1,1,,
2022,Iowa State,Wisconsin,67.2,18.58,67,19.6,1,1,1,,
2022,Miami (FL),Auburn,67.8,16.45,71.3,27.28,1,1,1,,
2022,Gonzaga,Arkansas,73.8,34.95,72,23.25,0,1,1,,
2022,Texas Tech,Duke,67.3,29.59,68.2,28.52,0,1,1,,
2022,North Carolina,UCLA,70.3,22.77,66.5,28.38,1,1,1,,
2022,Purdue,Saint Peter's,66.7,28.09,66.7,5.27,0,1,1,,
2022,Arizona,Houston,72.7,31.32,65,33.83,0,1,1,,
2022,Michigan,Villanova,67.5,20.71,63.6,29.32,0,1,1,,
2022,Kansas,Providence,69.5,31.97,65.9,19.26,1,1,1,,
2022,Iowa State,Miami (FL),67.2,18.58,67.8,16.45,0,1,1,,
2022,Arkansas,Duke,72,23.25,68.2,28.52,0,1,1,,
2022,North Carolina,Saint Peter's,70.3,22.77,66.7,5.27,1,1,1,,
2022,Houston,Villanova,65,33.83,63.6,29.32,0,1,1,,
2022,Kansas,Miami (FL),69.5,31.97,67.8,16.45,1,1,1,,
2022,Duke,North Carolina,68.2,28.52,70.3,22.77,0,1,1,,
2022,Villanova,Kansas,63.6,29.32,69.5,31.97,0,1,1,,
2022,North Carolina,Kansas,70.3,22.77,69.5,31.97,0,1,1,,
2023,Alabama,Texas A&M-Corpus Christi,72.6,32.38,71.7,-0.325,1,1,1,,
2023,Maryland,West Virginia,64.5,21.97,69.6,22.44,1,1,1,,
2023,San Diego State,College of Charleston,66.6,23.16,70.7,11.23,1,1,1,,
2023,Virginia,Furman,62.5,20.2,69.4,6.96,0,1,1,,
2023,Creighton,NC State,69.3,25.56,69.8,17.22,1,1,1,,
2023,Baylor,UC Santa Barbara,67.8,24.26,65.5,4.84,1,1,1,,
2023,Missouri,Utah State,70,16.01,69.2,19.98,1,1,1,,
2023,Arizona,Princeton,72.7,26.09,69,6.63,0,1,1,,
2023,Purdue,FDU,64.2,27.21,69.8,-12.64,0,1,1,,
2023,Memphis,Florida Atlantic,72.2,20.35,68.5,20.26,0,1,1,,
2023,Duke,Oral Roberts,65.5,23.45,71.5,11.53,1,1,1,,
2023,Tennessee,Louisiana,65.9,30.64,69.2,6.44,1,1,1,,
2023,Kentucky,Providence,66.8,21.61,68.2,17.6,1,1,1,,
2023,Kansas State,Montana State,70.5,22.24,67.9,3.4,1,1,1,,
2023,Michigan State,Southern California,65.4,20.8,68.3,18.26,1,1,1,,
2023,Marquette,Vermont,69.3,24.16,65.5,2.92,1,1,1,,
2023,Houston,Northern Kentucky,64.8,33.42,63.5,-0.79,1,1,1,,
2023,Iowa,Auburn,69.6,19.82,68.7,20.45,0,1,1,,
2023,Miami (FL),Drake,68.9,19.94,67,11.9,1,1,1,,
2023,Indiana,Kent State,68.4,21.42,69.7,10.41,1,1,1,,
2023,Iowa State,Pittsburgh,65.7,21.77,68.1,15.33,0,1,1,,
2023,Xavier,Kennesaw State,72,22.08,69.8,0.73,1,1,1,,
2023,Texas A&M,Penn State,67.1,20.1,64.4,19.01,0,1,1,,
2023,Texas,Colgate,70.1,29.33,68.2,3.33,1,1,1,,
2023,Kansas,Howard,70.2,26.88,71.8,-7.14,1,1,1,,
2023,Arkansas,Illinois,70.2,22.56,69.5,20.58,1,1,1,,
2023,Saint Mary's (CA),Virginia Commonwealth,63.8,26.11,68.3,14.17,1,1,1,,
2023,Connecticut,Iona,68.4,32.5,68.8,10.99,1,1,1,,
2023,TCU,Arizona State,70.9,21.52,69,16.21,1,1,1,,
2023,Gonzaga,Grand Canyon,71.9,26.58,66.9,6.1,1,1,1,,
2023,Northwestern,Boise State,65,19.44,66.8,18.45,1,1,1,,
2023,UCLA,UNC Asheville,67.2,31.86,69.3,-2.62,1,1,1,,
2023,Alabama,Maryland,72.6,32.38,64.5,21.97,1,1,1,,
2023,San Diego State,Furman,66.6,23.16,69.4,6.96,1,1,1,,
2023,Creighton,Baylor,69.3,25.56,67.8,24.26,1,1,1,,
2023,Missouri,Princeton,70,16.01,69,6.63,0,1,1,,
2023,FDU,Florida Atlantic,69.8,-12.64,68.5,20.26,0,1,1,,
2023,Duke,Tennessee,65.5,23.45,65.9,30.64,0,1,1,,
2023,Kentucky,Kansas State,66.8,21.61,70.5,22.24,0,1,1,,
2023,Michigan State,Marquette,65.4,20.8,69.3,24.16,1,1,1,,
2023,Houston,Auburn,64.8,33.42,68.7,20.45,1,1,1,,
2023,Miami (FL),Indiana,68.9,19.94,68.4,21.42,1,1,1,,
2023,Pittsburgh,Xavier,68.1,15.33,72,22.08,0,1,1,,
2023,Penn State,Texas,64.4,19.01,70.1,29.33,0,1,1,,
2023,Kansas,Arkansas,70.2,26.88,70.2,22.56,0,1,1,,
2023,Saint Mary's (CA),Connecticut,63.8,26.11,68.4,32.5,0,1,1,,
2023,TCU,Gonzaga,70.9,21.52,71.9,26.58,0,1,1,,
2023,Northwestern,UCLA,65,19.44,67.2,31.86,0,1,1,,
2023,Alabama,San Diego State,72.6,32.38,66.6,23.16,0,1,1,,
2023,Creighton,Princeton,69.3,25.56,69,6.63,1,1,1,,
2023,Florida Atlantic,Tennessee,68.5,20.26,65.9,30.64,1,1,1,,
2023,Kansas State,Michigan State,70.5,22.24,65.4,20.8,1,1,1,,
2023,Houston,Miami (FL),64.8,33.42,68.9,19.94,0,1,1,,
2023,Xavier,Texas,72,22.08,70.1,29.33,0,1,1,,
2023,Arkansas,Connecticut,70.2,22.56,68.4,32.5,0,1,1,,
2023,Gonzaga,UCLA,71.9,26.58,67.2,31.86,1,1,1,,
2023,San Diego State,Creighton,66.6,23.16,69.3,25.56,1,1,1,,
2023,Florida Atlantic,Kansas State,68.5,20.26,70.5,22.24,1,1,1,,
2023,Miami (FL),Texas,68.9,19.94,70.1,29.33,1,1,1,,
2023,Connecticut,Gonzaga,68.4,32.5,71.9,26.58,1,1,1,,
2023,San Diego State,Florida Atlantic,66.6,23.16,68.5,20.26,1,1,1,,
2023,Miami (FL),Connecticut,68.9,19.94,68.4,32.5,0,1,1,,
2023,San Diego State,Connecticut,66.6,23.16,68.4,32.5,0,1,1,,
2024,Connecticut,Stetson,66.2,35.48,67.4,-6.56,1,1,1,,
2024,Florida Atlantic,Northwestern,69.1,19.78,64.7,18.67,0,1,1,,
2024,San Diego State,UAB,67.2,22.17,68.7,7.44,1,1,1,,
2024,Auburn,Yale,70.8,32.64,66.1,7.38,0,1,1,,
2024,Brigham Young,Duquesne,70,28.77,67.2,11.02,0,1,1,,
2024,Illinois,Morehead State,70.6,27.69,66.3,2.35,1,1,1,,
2024,Washington State,Drake,66.7,20.44,68.5,16.18,1,1,1,,
2024,Iowa State,South Dakota State,68.2,33,68.7,1.8,1,1,1,,
2024,North Carolina,Wagner,71.4,29.39,62.9,-15.35,1,1,1,,
2024,Mississippi State,Michigan State,68.9,20.91,66.4,25.12,0,1,1,,
2024,Saint Mary's (CA),Grand Canyon,63.5,25.89,69.8,14.63,0,1,1,,
2024,Alabama,College of Charleston,74.2,29.44,70,6.18,1,1,1,,
2024,Clemson,New Mexico,67.5,21.3,72.5,21.98,1,1,1,,
2024,Baylor,Colgate,66.9,29.22,66.5,0.41,1,1,1,,
2024,Dayton,Nevada,64.6,20.36,67,19.32,1,1,1,,
2024,Arizona,Long Beach State,73.3,33.93,72.7,-1.49,1,1,1,,
2024,Houston,Longwood,64.2,39.33,68.3,-1.77,1,1,1,,
2024,Nebraska,Texas A&M,69.3,21.36,67.5,19.11,0,1,1,,
2024,Wisconsin,James Madison,65.7,24.87,71.8,11.91,0,1,1,,
2024,Duke,Vermont,67.7,29.6,65.6,4.81,1,1,1,,
2024,Texas Tech,NC State,67.2,23.29,68.8,16.44,0,1,1,,
2024,Kentucky,Oakland,74,23.98,68.2,2.21,0,1,1,,
2024,Florida,Colorado,72.9,21.28,69.1,22.5,0,1,1,,
2024,Marquette,Western Kentucky,69.3,27.42,76,1.66,1,1,1,,
2024,Purdue,Grambling,69,34.84,67.1,-14.11,1,1,1,,
2024,Utah State,TCU,69.1,17.38,70.6,21.39,1,1,1,,
2024,Gonzaga,McNeese State,70.2,24.5,67.5,11.65,1,1,1,,
2024,Kansas,Samford,69.7,25.01,74.3,7.86,1,1,1,,
2024,South Carolina,Oregon,64.7,16.92,68.6,17.42,0,1,1,,
2024,Creighton,Akron,67.9,28.82,67,4.46,1,1,1,,
2024,Texas,Colorado State,68.2,23.19,66.9,19.43,1,1,1,,
2024,Tennessee,Saint Peter's,70.6,30.53,65.4,-5.61,1,1,1,,
2024,Connecticut,Northwestern,66.2,35.48,64.7,18.67,1,1,1,,
2024,San Diego State,Yale,67.2,22.17,66.1,7.38,1,1,1,,
2024,Duquesne,Illinois,67.2,11.02,70.6,27.69,0,1,1,,
2024,Washington State,Iowa State,66.7,20.44,68.2,33,0,1,1,,
2024,North Carolina,Michigan State,71.4,29.39,66.4,25.12,1,1,1,,
2024,Grand Canyon,Alabama,69.8,14.63,74.2,29.44,0,1,1,,
2024,Clemson,Baylor,67.5,21.3,66.9,29.22,1,1,1,,
2024,Dayton,Arizona,64.6,20.36,73.3,33.93,0,1,1,,
2024,Houston,Texas A&M,64.2,39.33,67.5,19.11,1,1,1,,
2024,James Madison,Duke,71.8,11.91,67.7,29.6,0,1,1,,
2024,NC State,Oakland,68.8,16.44,68.2,2.21,1,1,1,,
2024,Colorado,Marquette,69.1,22.5,69.3,27.42,0,1,1,,
2024,Purdue,Utah State,69,34.84,69.1,17.38,1,1,1,,
2024,Gonzaga,Kansas,70.2,24.5,69.7,25.01,1,1,1,,
2024,Oregon,Creighton,68.6,17.42,67.9,28.82,0,1,1,,
2024,Texas,Tennessee,68.2,23.19,70.6,30.53,0,1,1,,
2024,Connecticut,San Diego State,66.2,35.48,67.2,22.17,1,1,1,,
2024,Illinois,Iowa State,70.6,27.69,68.2,33,1,1,1,,
2024,North Carolina,Alabama,71.4,29.39,74.2,29.44,0,1,1,,
2024,Clemson,Arizona,67.5,21.3,73.3,33.93,1,1,1,,
2024,Houston,Duke,64.2,39.33,67.7,29.6,0,1,1,,
2024,NC State,Marquette,68.8,16.44,69.3,27.42,1,1,1,,
2024,Purdue,Gonzaga,69,34.84,70.2,24.5,1,1,1,,
2024,Creighton,Tennessee,67.9,28.82,70.6,30.53,0,1,1,,
2024,Connecticut,Illinois,66.2,35.48,70.6,27.69,1,1,1,,
2024,Alabama,Clemson,74.2,29.44,67.5,21.3,1,1,1,,
2024,Duke,NC State,67.7,29.6,68.8,16.44,0,1,1,,
2024,Purdue,Tennessee,69,34.84,70.6,30.53,1,1,1,,
2024,Connecticut,Alabama,66.2,35.48,74.2,29.44,1,1,1,,
2024,NC State,Purdue,68.8,16.44,69,34.84,0,1,1,,
2024,Connecticut,Purdue,66.2,35.48,69,34.84,1,1,1,,